Subject	Note
ABCG2	rs2231142 failed the Hardy-Weinberg equilibrium test in the European group.
CFTR 3272-26A->G	rs76151804 had greater than 10% sample missing rate in the African American/Afro-Caribbean group.
CFTR 3272-26A->G	rs76151804 had greater than 10% sample missing rate in the Central/South Asian group.
CFTR 3272-26A->G	rs76151804 had greater than 10% sample missing rate in the East Asian group.
CYP3A4	As rs2242480 failed the Hardy-Weinberg equilibrium test in the Other group, which skewed frequency estimates, frequencies are not displayed for the Other group.
CYP3A5	As rs776746 failed the Hardy-Weinberg equilibrium test in the Other group, which skewed frequency estimates, frequencies are not displayed for the Other group.
DPYD c.2194G>A (*6)	rs1801160 failed the Hardy-Weinberg equilibrium test in the European group.
DPYD c.1896T>C	rs17376848 failed the Hardy-Weinberg equilibrium test in the European group.
DPYD c.1601G>A (*4)	rs1801158 failed the Hardy-Weinberg equilibrium test in the European group.
DPYD c.1129-5923C>G, c.1236G>A (HapB3)	rs56038477 (exonic) failed the Hardy-Weinberg equilibrium test in the European group. The intronic defining position, rs75017182, is from the imputed dataset.
DPYD c.496A>G	rs2297595 failed the Hardy-Weinberg equilibrium test in the European group.
TPMT	As rs1142345 failed the Hardy-Weinberg equilibrium test in the European group, which skewed frequency estimates, frequencies are not displayed for the European group.
VKORC1	rs9923231 failed the Hardy-Weinberg equilibrium test in the Other group.
G6PD	The frequencies are based on 89,727 participants with one X chromosome and 110,080 participants with two X chromosomes.
